file,concept,count
Copia de Entrevista Hugo Sim Uniandes Historia del Internet en Colombia_2023-09-19. Transcripción 1.docx,Internet,95
Copia de Entrevista Hugo Sim Uniandes Historia del Internet en Colombia_2023-09-19. Transcripción 1.docx,universidades,46
Copia de Entrevista Hugo Sim Uniandes Historia del Internet en Colombia_2023-09-19. Transcripción 1.docx,la universidad,87
Copia de Entrevista Hugo Sim Uniandes Historia del Internet en Colombia_2023-09-19. Transcripción 1.docx,los Andes,31
Copia de Entrevista Hugo Sim Uniandes Historia del Internet en Colombia_2023-09-19. Transcripción 1.docx,EAFIT,2
Copia de Entrevista Hugo Sim Uniandes Historia del Internet en Colombia_2023-09-19. Transcripción 1.docx,la universidad del Valle,1
Copia de Entrevista Hugo Sim Uniandes Historia del Internet en Colombia_2023-09-19. Transcripción 1.docx,UIS,1
Copia de Entrevista Hugo Sim Uniandes Historia del Internet en Colombia_2023-09-19. Transcripción 1.docx,Colciencias,24
Copia de Entrevista Hugo Sim Uniandes Historia del Internet en Colombia_2023-09-19. Transcripción 1.docx,ICFES,1
Copia de Entrevista Hugo Sim Uniandes Historia del Internet en Colombia_2023-09-19. Transcripción 1.docx,redes,34
Copia de Entrevista Hugo Sim Uniandes Historia del Internet en Colombia_2023-09-19. Transcripción 1.docx,National Science Foundation,10
Copia de Entrevista Hugo Sim Uniandes Historia del Internet en Colombia_2023-09-19. Transcripción 1.docx,formación,23
Copia de Entrevista Hugo Sim Uniandes Historia del Internet en Colombia_2023-09-19. Transcripción 1.docx,Telecomunicaciones,1
Copia de Entrevista Hugo Sim Uniandes Historia del Internet en Colombia_2023-09-19. Transcripción 1.docx,equipo,17
Copia de Entrevista Hugo Sim Uniandes Historia del Internet en Colombia_2023-09-19. Transcripción 1.docx,ingeniero de sistemas,1
Copia de Entrevista Hugo Sim Uniandes Historia del Internet en Colombia_2023-09-19. Transcripción 1.docx,bases de datos,5
Copia de Entrevista Hugo Sim Uniandes Historia del Internet en Colombia_2023-09-19. Transcripción 1.docx,comunicaciones,13
Copia de Entrevista Hugo Sim Uniandes Historia del Internet en Colombia_2023-09-19. Transcripción 1.docx,computadores,9
Copia de Entrevista Hugo Sim Uniandes Historia del Internet en Colombia_2023-09-19. Transcripción 1.docx,Centro de Cómputo,7
Copia de Entrevista Hugo Sim Uniandes Historia del Internet en Colombia_2023-09-19. Transcripción 1.docx,tele,4
Copia de Entrevista Hugo Sim Uniandes Historia del Internet en Colombia_2023-09-19. Transcripción 1.docx,,6
Copia de Entrevista Hugo Sim Uniandes Historia del Internet en Colombia_2023-09-19. Transcripción 1.docx,red de datos,3
Copia de Entrevista Hugo Sim Uniandes Historia del Internet en Colombia_2023-09-19. Transcripción 1.docx,Biblioteca Luis Ángel Arango,7
Copia de Entrevista Hugo Sim Uniandes Historia del Internet en Colombia_2023-09-19. Transcripción 1.docx,sistema,5
Copia de Entrevista Hugo Sim Uniandes Historia del Internet en Colombia_2023-09-19. Transcripción 1.docx,módem,4
Copia de Entrevista Hugo Sim Uniandes Historia del Internet en Colombia_2023-09-19. Transcripción 1.docx,materialidad,7
Copia de Entrevista Hugo Sim Uniandes Historia del Internet en Colombia_2023-09-19. Transcripción 1.docx,IBM,14
Copia de Entrevista Hugo Sim Uniandes Historia del Internet en Colombia_2023-09-19. Transcripción 1.docx,Telecom,17
Copia de Entrevista Hugo Sim Uniandes Historia del Internet en Colombia_2023-09-19. Transcripción 1.docx,Bitnet,40
Copia de Entrevista Hugo Sim Uniandes Historia del Internet en Colombia_2023-09-19. Transcripción 1.docx,Runcol,1
Copia de Entrevista Uniandes Historia del Internet en Colombia_Gonzalo Ulloa_2023-10-05.docx,ISP,12
Copia de Entrevista Uniandes Historia del Internet en Colombia_Gonzalo Ulloa_2023-10-05.docx,Internet Society,3
Copia de Entrevista Uniandes Historia del Internet en Colombia_Gonzalo Ulloa_2023-10-05.docx,Hugo,14
Copia de Entrevista Uniandes Historia del Internet en Colombia_Gonzalo Ulloa_2023-10-05.docx,Jerry,11
Copia de Entrevista Uniandes Historia del Internet en Colombia_Gonzalo Ulloa_2023-10-05.docx,IMPSAT,5
Copia de Entrevista Uniandes Historia del Internet en Colombia_Gonzalo Ulloa_2023-10-05.docx,Stanford,14
Copia de Entrevista Uniandes Historia del Internet en Colombia_Gonzalo Ulloa_2023-10-05.docx,Colciencias,22
Copia de Entrevista Uniandes Historia del Internet en Colombia_Gonzalo Ulloa_2023-10-05.docx,ICFES,6
Copia de Entrevista Uniandes Historia del Internet en Colombia_Gonzalo Ulloa_2023-10-05.docx,Univalle,21
Copia de Entrevista Uniandes Historia del Internet en Colombia_Gonzalo Ulloa_2023-10-05.docx,red,49
Copia de Entrevista Uniandes Historia del Internet en Colombia_Gonzalo Ulloa_2023-10-05.docx,Telecom,16
Copia de Entrevista Uniandes Historia del Internet en Colombia_Gonzalo Ulloa_2023-10-05.docx,Universidad del Valle,12
Copia de Entrevista Uniandes Historia del Internet en Colombia_Gonzalo Ulloa_2023-10-05.docx,Confederación Suiza,1
Copia de Entrevista Uniandes Historia del Internet en Colombia_Gonzalo Ulloa_2023-10-05.docx,Escuela Politécnica,1
Copia de Entrevista Uniandes Historia del Internet en Colombia_Gonzalo Ulloa_2023-10-05.docx,Pablo Escobar,5
Copia de Entrevista Uniandes Historia del Internet en Colombia_Gonzalo Ulloa_2023-10-05.docx,Bitnet,7
Copia de Entrevista Uniandes Historia del Internet en Colombia_Gonzalo Ulloa_2023-10-05.docx,Uniandes,18
Copia de Entrevista Uniandes Historia del Internet en Colombia_Gonzalo Ulloa_2023-10-05.docx,CINTEL,2
Copia de Entrevista Uniandes Historia del Internet en Colombia_Gonzalo Ulloa_2023-10-05.docx,Windows,6
Copia de Entrevista Uniandes Historia del Internet en Colombia_Gonzalo Ulloa_2023-10-05.docx,Microsoft,3
Copia de Entrevista Uniandes Historia del Internet en Colombia_Gonzalo Ulloa_2023-10-05.docx,Unix,3
Copia de Entrevista Uniandes Historia del Internet en Colombia_Gonzalo Ulloa_2023-10-05.docx,Antonio Restrepo,3
Copia de Entrevista Uniandes Historia del Internet en Colombia_Gonzalo Ulloa_2023-10-05.docx,EAFIT,1
Copia de Entrevista Uniandes Historia del Internet en Colombia_Gonzalo Ulloa_2023-10-05.docx,fibra optica,13
Copia de Entrevista Uniandes Historia del Internet en Colombia_Gonzalo Ulloa_2023-10-05.docx,los Andes,6
Copia de Entrevista Uniandes Historia del Internet en Colombia_Gonzalo Ulloa_2023-10-05.docx,Inter,3
Copia de Entrevista Uniandes Historia del Internet en Colombia_Gonzalo Ulloa_2023-10-05.docx,,8
Copia de Entrevista Uniandes Historia del Internet en Colombia_Gonzalo Ulloa_2023-10-05.docx,Gonzalo Romero,7
Copia de Entrevista Uniandes Historia del Internet en Colombia_Gonzalo Ulloa_2023-10-05.docx,nodo,9
Copia de Entrevista Uniandes Historia del Internet en Colombia_Gonzalo Ulloa_2023-10-05.docx,La Hemeroteca  Nacional,1
Copia de Entrevista Uniandes Historia del Internet en Colombia_Gonzalo Ulloa_2023-10-05.docx,Universidad Nacional,1
Copia de Entrevista Uniandes Historia del Internet en Colombia_Gonzalo Ulloa_2023-10-05.docx,INET,5
Copia de Entrevista Uniandes Historia del Internet en Colombia_Gonzalo Ulloa_2023-10-05.docx,Maria Emilia Correa,2
Copia de Entrevista Uniandes Historia del Internet en Colombia_Gonzalo Ulloa_2023-10-05.docx, Forero,5
Copia de Entrevista Uniandes Historia del Internet en Colombia_Gonzalo Ulloa_2023-10-05.docx,Clemente,5
Copia de Entrevista Uniandes Historia del Internet en Colombia_Gonzalo Ulloa_2023-10-05.docx,Observatorio  Sismológico del Suroccidente,1
Copia de Entrevista Uniandes Historia del Internet en Colombia_Gonzalo Ulloa_2023-10-05.docx,modem,3
Copia de Entrevista Uniandes Historia del Internet en Colombia_Gonzalo Ulloa_2023-10-05.docx,National Science Foundation,5
Copia de Entrevista Uniandes Historia del Internet en Colombia_Gonzalo Ulloa_2023-10-05.docx,banda ancha,11
Copia de Entrevista Uniandes Historia del Internet en Colombia_Gonzalo Ulloa_2023-10-05.docx,Icesi,28
Copia de Entrevista Uniandes Historia del Internet en Colombia_Gonzalo Ulloa_2023-10-05.docx,RUAV,3
Copia de Entrevista Uniandes Historia del Internet en Colombia_Gonzalo Ulloa_2023-10-05.docx,la Universidad Javeriana,1
Copia de Entrevista Uniandes Historia del Internet en Colombia_Gonzalo Ulloa_2023-10-05.docx,RFP,1
Copia de Entrevista Uniandes Historia del Internet en Colombia_Gonzalo Ulloa_2023-10-05.docx,Adobe,2
Copia de Entrevista Uniandes Historia del Internet en Colombia_Gonzalo Ulloa_2023-10-05.docx,ITEC,4
Copia de Entrevista Uniandes Historia del Internet en Colombia_Gonzalo Ulloa_2023-10-05.docx,SENA,4
Copia de Entrevista Uniandes Historia del Internet en Colombia_Gonzalo Ulloa_2023-10-05.docx,ABET,3
Copia de Entrevista Uniandes Historia del Internet en Colombia_Gonzalo Ulloa_2023-10-05.docx,Internet.Society,1
Copia de Entrevista Uniandes Historia del Internet en Colombia_Gonzalo Ulloa_2023-10-05.docx,la Nacional Science  Foundation,1
Copia de Entrevista Uniandes Historia del Internet en Colombia_Gonzalo Ulloa_2023-10-05.docx,Internet. Society,1
Copia_Trint_Entrevista_Historia_del_Internet_Colombia_Uniandes_Claudia_Sastre_20230824_070455_Meeting_Recording.docx,Uniandes,37
Copia_Trint_Entrevista_Historia_del_Internet_Colombia_Uniandes_Claudia_Sastre_20230824_070455_Meeting_Recording.docx,Centro de cómputo,5
Copia_Trint_Entrevista_Historia_del_Internet_Colombia_Uniandes_Claudia_Sastre_20230824_070455_Meeting_Recording.docx,Biblioteca Luis Ángel Arango,1
Copia_Trint_Entrevista_Historia_del_Internet_Colombia_Uniandes_Claudia_Sastre_20230824_070455_Meeting_Recording.docx,Telecom,1
Copia_Trint_Entrevista_Historia_del_Internet_Colombia_Uniandes_Claudia_Sastre_20230824_070455_Meeting_Recording.docx,webscraping,1
Copia_Trint_Entrevista_Historia_del_Internet_Colombia_Uniandes_Claudia_Sastre_20230824_070455_Meeting_Recording.docx,Fernando Salcedo,7
Copia_Trint_Entrevista_Historia_del_Internet_Colombia_Uniandes_Claudia_Sastre_20230824_070455_Meeting_Recording.docx,Hugo Sin,12
Copia_Trint_Entrevista_Historia_del_Internet_Colombia_Uniandes_Claudia_Sastre_20230824_070455_Meeting_Recording.docx,Gonzalo Romero,4
Copia_Trint_Entrevista_Historia_del_Internet_Colombia_Uniandes_Claudia_Sastre_20230824_070455_Meeting_Recording.docx,Mauricio Pinilla,9
Copia_Trint_Entrevista_Historia_del_Internet_Colombia_Uniandes_Claudia_Sastre_20230824_070455_Meeting_Recording.docx,Ingeniería de Sistemas,1
Copia_Trint_Entrevista_Historia_del_Internet_Colombia_Uniandes_Claudia_Sastre_20230824_070455_Meeting_Recording.docx,ingeniera,1
Copia_Trint_Entrevista_Historia_del_Internet_Colombia_Uniandes_Claudia_Sastre_20230824_070455_Meeting_Recording.docx,telecomunicaciones,2
Copia_Trint_Entrevista_Historia_del_Internet_Colombia_Uniandes_Claudia_Sastre_20230824_070455_Meeting_Recording.docx,conexiones,2
Copia_Trint_Entrevista_Historia_del_Internet_Colombia_Uniandes_Claudia_Sastre_20230824_070455_Meeting_Recording.docx,redes,1
Copia_Trint_Entrevista_Historia_del_Internet_Colombia_Uniandes_Claudia_Sastre_20230824_070455_Meeting_Recording.docx,internet,15
Copia_Trint_Entrevista_Historia_del_Internet_Colombia_Uniandes_Claudia_Sastre_20230824_070455_Meeting_Recording.docx,aplicaciones administrativas,1
Copia_Trint_Entrevista_Historia_del_Internet_Colombia_Uniandes_Claudia_Sastre_20230824_070455_Meeting_Recording.docx,mainframes,1
Copia_Trint_Entrevista_Historia_del_Internet_Colombia_Uniandes_Claudia_Sastre_20230824_070455_Meeting_Recording.docx,IBM,2
Copia_Trint_Entrevista_Historia_del_Internet_Colombia_Uniandes_Claudia_Sastre_20230824_070455_Meeting_Recording.docx,Unisys,3
Copia_Trint_Entrevista_Historia_del_Internet_Colombia_Uniandes_Claudia_Sastre_20230824_070455_Meeting_Recording.docx,galpón,5
Copia_Trint_Entrevista_Historia_del_Internet_Colombia_Uniandes_Claudia_Sastre_20230824_070455_Meeting_Recording.docx,software,2
Copia_Trint_Entrevista_Historia_del_Internet_Colombia_Uniandes_Claudia_Sastre_20230824_070455_Meeting_Recording.docx,aplicaciones,2
Copia_Trint_Entrevista_Historia_del_Internet_Colombia_Uniandes_Claudia_Sastre_20230824_070455_Meeting_Recording.docx,BitNet,2
Copia_Trint_Entrevista_Historia_del_Internet_Colombia_Uniandes_Claudia_Sastre_20230824_070455_Meeting_Recording.docx,email,2
Copia_Trint_Entrevista_Historia_del_Internet_Colombia_Uniandes_Claudia_Sastre_20230824_070455_Meeting_Recording.docx,Iván Trujillo,1
Copia_Trint_Entrevista_Historia_del_Internet_Colombia_Uniandes_Claudia_Sastre_20230824_070455_Meeting_Recording.docx,Centro de Cómputo,14
Copia_Trint_Entrevista_Historia_del_Internet_Colombia_Uniandes_Claudia_Sastre_20230824_070455_Meeting_Recording.docx,Martica,1
Copia_Trint_Entrevista_Historia_del_Internet_Colombia_Uniandes_Claudia_Sastre_20230824_070455_Meeting_Recording.docx,web,6
Copia_Trint_Entrevista_Historia_del_Internet_Colombia_Uniandes_Claudia_Sastre_20230824_070455_Meeting_Recording.docx,Internet,10
Copia_Trint_Entrevista_Historia_del_Internet_Colombia_Uniandes_Claudia_Sastre_20230824_070455_Meeting_Recording.docx,Gopher,3
Copia_Trint_Entrevista_Historia_del_Internet_Colombia_Uniandes_Claudia_Sastre_20230824_070455_Meeting_Recording.docx,STP,1
Copia_Trint_Entrevista_Historia_del_Internet_Colombia_Uniandes_Claudia_Sastre_20230824_070455_Meeting_Recording.docx,SMTP,2
Copia_Trint_Entrevista_Historia_del_Internet_Colombia_Uniandes_Claudia_Sastre_20230824_070455_Meeting_Recording.docx,Gonzalo Tomero,1
Copia_Trint_Entrevista_Historia_del_Internet_Colombia_Uniandes_Claudia_Sastre_20230824_070455_Meeting_Recording.docx,página web,15
Copia_Trint_Entrevista_Historia_del_Internet_Colombia_Uniandes_Claudia_Sastre_20230824_070455_Meeting_Recording.docx,webmaster,5
Copia_Trint_Entrevista_Historia_del_Internet_Colombia_Uniandes_Claudia_Sastre_20230824_070455_Meeting_Recording.docx,manejo del servidor,2
Copia_Trint_Entrevista_Historia_del_Internet_Colombia_Uniandes_Claudia_Sastre_20230824_070455_Meeting_Recording.docx,configuración,1
Copia_Trint_Entrevista_Historia_del_Internet_Colombia_Uniandes_Claudia_Sastre_20230824_070455_Meeting_Recording.docx,servidor HTTP,2
Copia_Trint_Entrevista_Historia_del_Internet_Colombia_Uniandes_Claudia_Sastre_20230824_070455_Meeting_Recording.docx,Unix,3
Copia_Trint_Entrevista_Historia_del_Internet_Colombia_Uniandes_Claudia_Sastre_20230824_070455_Meeting_Recording.docx,archivos de configuración,1
Copia_Trint_Entrevista_Historia_del_Internet_Colombia_Uniandes_Claudia_Sastre_20230824_070455_Meeting_Recording.docx,páginas web,18
Copia_Trint_Entrevista_Historia_del_Internet_Colombia_Uniandes_Claudia_Sastre_20230824_070455_Meeting_Recording.docx,código,1
Copia_Trint_Entrevista_Historia_del_Internet_Colombia_Uniandes_Claudia_Sastre_20230824_070455_Meeting_Recording.docx,HTML,4
Copia_Trint_Entrevista_Historia_del_Internet_Colombia_Uniandes_Claudia_Sastre_20230824_070455_Meeting_Recording.docx,índice de páginas,1
Copia_Trint_Entrevista_Historia_del_Internet_Colombia_Uniandes_Claudia_Sastre_20230824_070455_Meeting_Recording.docx,páginas web planas,1
Copia_Trint_Entrevista_Historia_del_Internet_Colombia_Uniandes_Claudia_Sastre_20230824_070455_Meeting_Recording.docx,WAIS,1
Copia_Trint_Entrevista_Historia_del_Internet_Colombia_Uniandes_Claudia_Sastre_20230824_070455_Meeting_Recording.docx,sitio web,3
Copia_Trint_Entrevista_Historia_del_Internet_Colombia_Uniandes_Claudia_Sastre_20230824_070455_Meeting_Recording.docx,Paint,2
Copia_Trint_Entrevista_Historia_del_Internet_Colombia_Uniandes_Claudia_Sastre_20230824_070455_Meeting_Recording.docx,Microsoft,1
Copia_Trint_Entrevista_Historia_del_Internet_Colombia_Uniandes_Claudia_Sastre_20230824_070455_Meeting_Recording.docx,Office,1
Copia_Trint_Entrevista_Historia_del_Internet_Colombia_Uniandes_Claudia_Sastre_20230824_070455_Meeting_Recording.docx,producir,1
Copia_Trint_Entrevista_Historia_del_Internet_Colombia_Uniandes_Claudia_Sastre_20230824_070455_Meeting_Recording.docx,contenido,2
Copia_Trint_Entrevista_Historia_del_Internet_Colombia_Uniandes_Claudia_Sastre_20230824_070455_Meeting_Recording.docx,herramienta,2
Copia_Trint_Entrevista_Historia_del_Internet_Colombia_Uniandes_Claudia_Sastre_20230824_070455_Meeting_Recording.docx,dictar clases de cómo construir las páginas,1
Copia_Trint_Entrevista_Historia_del_Internet_Colombia_Uniandes_Claudia_Sastre_20230824_070455_Meeting_Recording.docx,construir herramientas,1
Copia_Trint_Entrevista_Historia_del_Internet_Colombia_Uniandes_Claudia_Sastre_20230824_070455_Meeting_Recording.docx,galpón por internet,1
Copia_Trint_Entrevista_Historia_del_Internet_Colombia_Uniandes_Claudia_Sastre_20230824_070455_Meeting_Recording.docx,programar la conexión,1
Copia_Trint_Entrevista_Historia_del_Internet_Colombia_Uniandes_Claudia_Sastre_20230824_070455_Meeting_Recording.docx,UNIX,1
Copia_Trint_Entrevista_Historia_del_Internet_Colombia_Uniandes_Claudia_Sastre_20230824_070455_Meeting_Recording.docx,programas,2
Copia_Trint_Entrevista_Historia_del_Internet_Colombia_Uniandes_Claudia_Sastre_20230824_070455_Meeting_Recording.docx,C,1
Copia_Trint_Entrevista_Historia_del_Internet_Colombia_Uniandes_Claudia_Sastre_20230824_070455_Meeting_Recording.docx,sockets,1
Copia_Trint_Entrevista_Historia_del_Internet_Colombia_Uniandes_Claudia_Sastre_20230824_070455_Meeting_Recording.docx,módem,1
Copia_Trint_Entrevista_Historia_del_Internet_Colombia_Uniandes_Claudia_Sastre_20230824_070455_Meeting_Recording.docx,servicio,1
Copia_Trint_Entrevista_Historia_del_Internet_Colombia_Uniandes_Claudia_Sastre_20230824_070455_Meeting_Recording.docx,Carlos Varela,3
Copia_Trint_Entrevista_Historia_del_Internet_Colombia_Uniandes_Claudia_Sastre_20230824_070455_Meeting_Recording.docx,Asociación Colombiana de Ingenieros de Sistemas,1
Copia_Trint_Entrevista_Historia_del_Internet_Colombia_Uniandes_Claudia_Sastre_20230824_070455_Meeting_Recording.docx,multimedia,2
Copia_Trint_Entrevista_Historia_del_Internet_Colombia_Uniandes_Claudia_Sastre_20230824_070455_Meeting_Recording.docx,videos,1
Copia_Trint_Entrevista_Historia_del_Internet_Colombia_Uniandes_Claudia_Sastre_20230824_070455_Meeting_Recording.docx,animaciones,1
Copia_Trint_Entrevista_Historia_del_Internet_Colombia_Uniandes_Claudia_Sastre_20230824_070455_Meeting_Recording.docx,juegos,1
Copia_Trint_Entrevista_Historia_del_Internet_Colombia_Uniandes_Claudia_Sastre_20230824_070455_Meeting_Recording.docx,audio,2
Copia_Trint_Entrevista_Historia_del_Internet_Colombia_Uniandes_Claudia_Sastre_20230824_070455_Meeting_Recording.docx,video,3
Copia_Trint_Entrevista_Historia_del_Internet_Colombia_Uniandes_Claudia_Sastre_20230824_070455_Meeting_Recording.docx,animación,2
Copia_Trint_Entrevista_Historia_del_Internet_Colombia_Uniandes_Claudia_Sastre_20230824_070455_Meeting_Recording.docx,vender,1
Copia_Trint_Entrevista_Historia_del_Internet_Colombia_Uniandes_Claudia_Sastre_20230824_070455_Meeting_Recording.docx,Casa Editorial El Tiempo,2
Copia_Trint_Entrevista_Historia_del_Internet_Colombia_Uniandes_Claudia_Sastre_20230824_070455_Meeting_Recording.docx,comunidad,1
Copia_Trint_Entrevista_Historia_del_Internet_Colombia_Uniandes_Claudia_Sastre_20230824_070455_Meeting_Recording.docx,bases de datos,2
Copia_Trint_Entrevista_Historia_del_Internet_Colombia_Uniandes_Claudia_Sastre_20230824_070455_Meeting_Recording.docx,Facultad de Arquitectura,1
Copia_Trint_Entrevista_Historia_del_Internet_Colombia_Uniandes_Claudia_Sastre_20230824_070455_Meeting_Recording.docx,Pablo Franciso Arrieta,1
Copia_Trint_Entrevista_Historia_del_Internet_Colombia_Uniandes_Claudia_Sastre_20230824_070455_Meeting_Recording.docx,Photoshop,3
Copia_Trint_Entrevista_Historia_del_Internet_Colombia_Uniandes_Claudia_Sastre_20230824_070455_Meeting_Recording.docx,Mauricio Barreto,3
Copia_Trint_Entrevista_Historia_del_Internet_Colombia_Uniandes_Claudia_Sastre_20230824_070455_Meeting_Recording.docx,herramientas gráficas,1
Copia_Trint_Entrevista_Historia_del_Internet_Colombia_Uniandes_Claudia_Sastre_20230824_070455_Meeting_Recording.docx,Illustrator,1
Copia_Trint_Entrevista_Historia_del_Internet_Colombia_Uniandes_Claudia_Sastre_20230824_070455_Meeting_Recording.docx,construir,4
Copia_Trint_Entrevista_Historia_del_Internet_Colombia_Uniandes_Claudia_Sastre_20230824_070455_Meeting_Recording.docx,botones,1
Copia_Trint_Entrevista_Historia_del_Internet_Colombia_Uniandes_Claudia_Sastre_20230824_070455_Meeting_Recording.docx,letreros,1
Copia_Trint_Entrevista_Historia_del_Internet_Colombia_Uniandes_Claudia_Sastre_20230824_070455_Meeting_Recording.docx,Francisco Martínez,2
Copia_Trint_Entrevista_Historia_del_Internet_Colombia_Uniandes_Claudia_Sastre_20230824_070455_Meeting_Recording.docx,comandos,1
Copia_Trint_Entrevista_Historia_del_Internet_Colombia_Uniandes_Claudia_Sastre_20230824_070455_Meeting_Recording.docx,Pablo Francisco Arrieta,2
Copia_Trint_Entrevista_Historia_del_Internet_Colombia_Uniandes_Claudia_Sastre_20230824_070455_Meeting_Recording.docx,herramientas de Adobe,1
Copia_Trint_Entrevista_Historia_del_Internet_Colombia_Uniandes_Claudia_Sastre_20230824_070455_Meeting_Recording.docx,fotos,1
Copia_Trint_Entrevista_Historia_del_Internet_Colombia_Uniandes_Claudia_Sastre_20230824_070455_Meeting_Recording.docx,mapa sensible,1
Copia_Trint_Entrevista_Historia_del_Internet_Colombia_Uniandes_Claudia_Sastre_20230824_070455_Meeting_Recording.docx,mapa virtual,1
Copia_Trint_Entrevista_Historia_del_Internet_Colombia_Uniandes_Claudia_Sastre_20230824_070455_Meeting_Recording.docx,página  web,1
Copia_Trint_Entrevista_Historia_del_Internet_Colombia_Uniandes_Claudia_Sastre_20230824_070455_Meeting_Recording.docx,Erika Mancilla,3
Copia_Trint_Entrevista_Historia_del_Internet_Colombia_Uniandes_Claudia_Sastre_20230824_070455_Meeting_Recording.docx,María Clara,2
Copia_Trint_Entrevista_Historia_del_Internet_Colombia_Uniandes_Claudia_Sastre_20230824_070455_Meeting_Recording.docx,María Alejandra Godoy,1
Copia_Trint_Entrevista_Historia_del_Internet_Colombia_Uniandes_Claudia_Sastre_20230824_070455_Meeting_Recording.docx,administrador web,1
Copia_Trint_Entrevista_Historia_del_Internet_Colombia_Uniandes_Claudia_Sastre_20230824_070455_Meeting_Recording.docx,versión,1
Copia_Trint_Entrevista_Historia_del_Internet_Colombia_Uniandes_Claudia_Sastre_20230824_070455_Meeting_Recording.docx,STI,1
Copia_Trint_Entrevista_Historia_del_Internet_Colombia_Uniandes_Claudia_Sastre_20230824_070455_Meeting_Recording.docx,Aldemar,1
Copia_Trint_Entrevista_Historia_del_Internet_Colombia_Uniandes_Claudia_Sastre_20230824_070455_Meeting_Recording.docx,Flavio Arciniegas,1
Copia_Trint_Entrevista_Historia_del_Internet_Colombia_Uniandes_Claudia_Sastre_20230824_070455_Meeting_Recording.docx,Javier Varela,1
Copia_Trint_Entrevista_Historia_del_Internet_Colombia_Uniandes_Claudia_Sastre_20230824_070455_Meeting_Recording.docx,Ingrid Correa,1
Copia_Trint_Entrevista_Historia_del_Internet_Colombia_Uniandes_Claudia_Sastre_20230824_070455_Meeting_Recording.docx,Alejandro Flores,1
Copia_Trint_Entrevista_Historia_del_Internet_Colombia_Uniandes_Claudia_Sastre_20230824_070455_Meeting_Recording.docx,Anita,1
Copia_Trint_Entrevista_Historia_del_Internet_Colombia_Uniandes_Claudia_Sastre_20230824_070455_Meeting_Recording.docx,FTP,3
Copia_Trint_Entrevista_Historia_del_Internet_Colombia_Uniandes_Claudia_Sastre_20230824_070455_Meeting_Recording.docx,Gonzalo Ulloa,6
Copia_Trint_Entrevista_Historia_del_Internet_Colombia_Uniandes_Claudia_Sastre_20230824_070455_Meeting_Recording.docx,HTTP,1
Copia_Trint_Entrevista_Historia_del_Internet_Colombia_Uniandes_Claudia_Sastre_20230824_070455_Meeting_Recording.docx,Diego Londoño,3
Copia_Trint_Entrevista_Historia_del_Internet_Colombia_Uniandes_Claudia_Sastre_20230824_070455_Meeting_Recording.docx,buscar,1
Copia_Trint_Entrevista_Historia_del_Internet_Colombia_Uniandes_Claudia_Sastre_20230824_070455_Meeting_Recording.docx,grupos de información,1
Copia_Trint_Entrevista_Historia_del_Internet_Colombia_Uniandes_Claudia_Sastre_20230824_070455_Meeting_Recording.docx,preguntaba,1
Copia_Trint_Entrevista_Historia_del_Internet_Colombia_Uniandes_Claudia_Sastre_20230824_070455_Meeting_Recording.docx,miraba,1
Copia_Trint_Entrevista_Historia_del_Internet_Colombia_Uniandes_Claudia_Sastre_20230824_070455_Meeting_Recording.docx,copiaba,1
Copia_Trint_Entrevista_Historia_del_Internet_Colombia_Uniandes_Claudia_Sastre_20230824_070455_Meeting_Recording.docx,source,1
Copia_Trint_Entrevista_Historia_del_Internet_Colombia_Uniandes_Claudia_Sastre_20230824_070455_Meeting_Recording.docx,Página web,1
Copia_Trint_Entrevista_Historia_del_Internet_Colombia_Uniandes_Claudia_Sastre_20230824_070455_Meeting_Recording.docx,El Tiempo,18
Copia_Trint_Entrevista_Historia_del_Internet_Colombia_Uniandes_Claudia_Sastre_20230824_070455_Meeting_Recording.docx,tráfico,2
Copia_Trint_Entrevista_Historia_del_Internet_Colombia_Uniandes_Claudia_Sastre_20230824_070455_Meeting_Recording.docx,Ricardo Pombo Gaviria,1
Copia_Trint_Entrevista_Historia_del_Internet_Colombia_Uniandes_Claudia_Sastre_20230824_070455_Meeting_Recording.docx,Miguel,1
Copia_Trint_Entrevista_Historia_del_Internet_Colombia_Uniandes_Claudia_Sastre_20230824_070455_Meeting_Recording.docx,manejaban,1
Copia_Trint_Entrevista_Historia_del_Internet_Colombia_Uniandes_Claudia_Sastre_20230824_070455_Meeting_Recording.docx,información,3
Copia_Trint_Entrevista_Historia_del_Internet_Colombia_Uniandes_Claudia_Sastre_20230824_070455_Meeting_Recording.docx,fuente de información,1
Copia_Trint_Entrevista_Historia_del_Internet_Colombia_Uniandes_Claudia_Sastre_20230824_070455_Meeting_Recording.docx,medios digitales,1
Copia_Trint_Entrevista_Historia_del_Internet_Colombia_Uniandes_Claudia_Sastre_20230824_070455_Meeting_Recording.docx,servicios web,1
Copia_Trint_Entrevista_Historia_del_Internet_Colombia_Uniandes_Claudia_Sastre_20230824_070455_Meeting_Recording.docx,Ricardo Pombo,1
Copia_Trint_Entrevista_Historia_del_Internet_Colombia_Uniandes_Claudia_Sastre_20230824_070455_Meeting_Recording.docx,nuevos medios,1
Copia_Trint_Entrevista_Historia_del_Internet_Colombia_Uniandes_Claudia_Sastre_20230824_070455_Meeting_Recording.docx,Enrique Santos Calderón,1
Copia_Trint_Entrevista_Historia_del_Internet_Colombia_Uniandes_Claudia_Sastre_20230824_070455_Meeting_Recording.docx,ciudad virtual,1
Copia_Trint_Entrevista_Historia_del_Internet_Colombia_Uniandes_Claudia_Sastre_20230824_070455_Meeting_Recording.docx,Social Media,1
Copia_Trint_Entrevista_Historia_del_Internet_Colombia_Uniandes_Claudia_Sastre_20230824_070455_Meeting_Recording.docx,ciudad digital,3
Copia_Trint_Entrevista_Historia_del_Internet_Colombia_Uniandes_Claudia_Sastre_20230824_070455_Meeting_Recording.docx,encontrara,1
Copia_Trint_Entrevista_Historia_del_Internet_Colombia_Uniandes_Claudia_Sastre_20230824_070455_Meeting_Recording.docx,chats,1
Copia_Trint_Entrevista_Historia_del_Internet_Colombia_Uniandes_Claudia_Sastre_20230824_070455_Meeting_Recording.docx,Eureka,1
Copia_Trint_Entrevista_Historia_del_Internet_Colombia_Uniandes_Claudia_Sastre_20230824_070455_Meeting_Recording.docx,Julio César Guzmán,2
Copia_Trint_Entrevista_Historia_del_Internet_Colombia_Uniandes_Claudia_Sastre_20230824_070455_Meeting_Recording.docx,fallas técnicas,1
Copia_Trint_Entrevista_Historia_del_Internet_Colombia_Uniandes_Claudia_Sastre_20230824_070455_Meeting_Recording.docx,testing,1
Copia_Trint_Entrevista_Historia_del_Internet_Colombia_Uniandes_Claudia_Sastre_20230824_070455_Meeting_Recording.docx,Banco de la República,6
Copia_Trint_Entrevista_Historia_del_Internet_Colombia_Uniandes_Claudia_Sastre_20230824_070455_Meeting_Recording.docx,procesos web,1
Copia_Trint_Entrevista_Historia_del_Internet_Colombia_Uniandes_Claudia_Sastre_20230824_070455_Meeting_Recording.docx,dictar,1
Copia_Trint_Entrevista_Historia_del_Internet_Colombia_Uniandes_Claudia_Sastre_20230824_070455_Meeting_Recording.docx,construcción,2
Copia_Trint_Entrevista_Historia_del_Internet_Colombia_Uniandes_Claudia_Sastre_20230824_070455_Meeting_Recording.docx,enseñar,2
Copia_Trint_Entrevista_Historia_del_Internet_Colombia_Uniandes_Claudia_Sastre_20230824_070455_Meeting_Recording.docx,María Clara¨Pavón,1
Copia_Trint_Entrevista_Historia_del_Internet_Colombia_Uniandes_Claudia_Sastre_20230824_070455_Meeting_Recording.docx,enseñaba,1
Copia_Trint_Entrevista_Historia_del_Internet_Colombia_Uniandes_Claudia_Sastre_20230824_070455_Meeting_Recording.docx,URL,1
Copia_Trint_Entrevista_Historia_del_Internet_Colombia_Uniandes_Claudia_Sastre_20230824_070455_Meeting_Recording.docx,administrador,1
Copia_Trint_Entrevista_Historia_del_Internet_Colombia_Uniandes_Claudia_Sastre_20230824_070455_Meeting_Recording.docx,dominio,6
Copia_Trint_Entrevista_Historia_del_Internet_Colombia_Uniandes_Claudia_Sastre_20230824_070455_Meeting_Recording.docx,solicitar,1
Copia_Trint_Entrevista_Historia_del_Internet_Colombia_Uniandes_Claudia_Sastre_20230824_070455_Meeting_Recording.docx,registrabas,1
Copia_Trint_Entrevista_Historia_del_Internet_Colombia_Uniandes_Claudia_Sastre_20230824_070455_Meeting_Recording.docx,servidor,3
Copia_Trint_Entrevista_Historia_del_Internet_Colombia_Uniandes_Claudia_Sastre_20230824_070455_Meeting_Recording.docx,conectabas,1
Copia_Trint_Entrevista_Historia_del_Internet_Colombia_Uniandes_Claudia_Sastre_20230824_070455_Meeting_Recording.docx,montar,1
Copia_Trint_Entrevista_Historia_del_Internet_Colombia_Uniandes_Claudia_Sastre_20230824_070455_Meeting_Recording.docx,enrutara,1
Copia_Trint_Entrevista_Historia_del_Internet_Colombia_Uniandes_Claudia_Sastre_20230824_070455_Meeting_Recording.docx,servidor DNS,1
Copia_Trint_Entrevista_Historia_del_Internet_Colombia_Uniandes_Claudia_Sastre_20230824_070455_Meeting_Recording.docx,Nova Red,3
Copia_Trint_Entrevista_Historia_del_Internet_Colombia_Uniandes_Claudia_Sastre_20230824_070455_Meeting_Recording.docx,servicios,4
Copia_Trint_Entrevista_Historia_del_Internet_Colombia_Uniandes_Claudia_Sastre_20230824_070455_Meeting_Recording.docx,seguridad,2
Copia_Trint_Entrevista_Historia_del_Internet_Colombia_Uniandes_Claudia_Sastre_20230824_070455_Meeting_Recording.docx,diseño,1
Copia_Trint_Entrevista_Historia_del_Internet_Colombia_Uniandes_Claudia_Sastre_20230824_070455_Meeting_Recording.docx,bancos,3
Copia_Trint_Entrevista_Historia_del_Internet_Colombia_Uniandes_Claudia_Sastre_20230824_070455_Meeting_Recording.docx,Netscape,5
Copia_Trint_Entrevista_Historia_del_Internet_Colombia_Uniandes_Claudia_Sastre_20230824_070455_Meeting_Recording.docx,servidores,1
Copia_Trint_Entrevista_Historia_del_Internet_Colombia_Uniandes_Claudia_Sastre_20230824_070455_Meeting_Recording.docx,ingeniero de sistemas,2
Copia_Trint_Entrevista_Historia_del_Internet_Colombia_Uniandes_Claudia_Sastre_20230824_070455_Meeting_Recording.docx,Hermes,5
Copia_Trint_Entrevista_Historia_del_Internet_Colombia_Uniandes_Claudia_Sastre_20230824_070455_Meeting_Recording.docx,ingenieros de sistemas,1
Copia_Trint_Entrevista_Historia_del_Internet_Colombia_Uniandes_Claudia_Sastre_20230824_070455_Meeting_Recording.docx,C++,1
Copia_Trint_Entrevista_Historia_del_Internet_Colombia_Uniandes_Claudia_Sastre_20230824_070455_Meeting_Recording.docx,tecnología,2
Copia_Trint_Entrevista_Historia_del_Internet_Colombia_Uniandes_Claudia_Sastre_20230824_070455_Meeting_Recording.docx,DotNet,1
Copia_Trint_Entrevista_Historia_del_Internet_Colombia_Uniandes_Claudia_Sastre_20230824_070455_Meeting_Recording.docx,programación,1
Copia_Trint_Entrevista_Historia_del_Internet_Colombia_Uniandes_Claudia_Sastre_20230824_070455_Meeting_Recording.docx,algoritmos,1
Copia_Trint_Entrevista_Historia_del_Internet_Colombia_Uniandes_Claudia_Sastre_20230824_070455_Meeting_Recording.docx,compilado,1
Copia_Trint_Entrevista_Historia_del_Internet_Colombia_Uniandes_Claudia_Sastre_20230824_070455_Meeting_Recording.docx,Mackintosh,1
Copia_Trint_Entrevista_Historia_del_Internet_Colombia_Uniandes_Claudia_Sastre_20230824_070455_Meeting_Recording.docx,Apple,1
Copia_Trint_Entrevista_Historia_del_Internet_Colombia_Uniandes_Claudia_Sastre_20230824_070455_Meeting_Recording.docx,Erica,1
Copia_Trint_Entrevista_Historia_del_Internet_Colombia_Uniandes_Claudia_Sastre_20230824_070455_Meeting_Recording.docx,CiNet,1
Copia_Trint_Entrevista_Historia_del_Internet_Colombia_Uniandes_Claudia_Sastre_20230824_070455_Meeting_Recording.docx,Jorge Giraldo,2
Copia_Trint_Entrevista_Historia_del_Internet_Colombia_Uniandes_Claudia_Sastre_20230824_070455_Meeting_Recording.docx,hackers,1
Copia_Trint_Entrevista_Historia_del_Internet_en_Colombia_Olga_Mariño_20240126_100335_Meeting_Recording.docx,Uniandes,11
Copia_Trint_Entrevista_Historia_del_Internet_en_Colombia_Olga_Mariño_20240126_100335_Meeting_Recording.docx,Centro de Cómputo,13
Copia_Trint_Entrevista_Historia_del_Internet_en_Colombia_Olga_Mariño_20240126_100335_Meeting_Recording.docx,Hugo,10
Copia_Trint_Entrevista_Historia_del_Internet_en_Colombia_Olga_Mariño_20240126_100335_Meeting_Recording.docx,Fernando Salcedo,4
Copia_Trint_Entrevista_Historia_del_Internet_en_Colombia_Olga_Mariño_20240126_100335_Meeting_Recording.docx,Claudia Sastre,1
Copia_Trint_Entrevista_Historia_del_Internet_en_Colombia_Olga_Mariño_20240126_100335_Meeting_Recording.docx,", a ",5
Copia_Trint_Entrevista_Historia_del_Internet_en_Colombia_Olga_Mariño_20240126_100335_Meeting_Recording.docx,", ",1
Copia_Trint_Entrevista_Historia_del_Internet_en_Colombia_Olga_Mariño_20240126_100335_Meeting_Recording.docx,", pero ella es de  ",1
Copia_Trint_Entrevista_Historia_del_Internet_en_Colombia_Olga_Mariño_20240126_100335_Meeting_Recording.docx,", que digamos que también estamos explorando la participación de otras universidades, a ",1
Copia_Trint_Entrevista_Historia_del_Internet_en_Colombia_Olga_Mariño_20240126_100335_Meeting_Recording.docx," de Colciencias, pues es la mujer que estaba  ",1
Copia_Trint_Entrevista_Historia_del_Internet_en_Colombia_Olga_Mariño_20240126_100335_Meeting_Recording.docx, y a ,1
Copia_Trint_Entrevista_Historia_del_Internet_en_Colombia_Olga_Mariño_20240126_100335_Meeting_Recording.docx,EAFIT,1
Copia_Trint_Entrevista_Historia_del_Internet_en_Colombia_Olga_Mariño_20240126_100335_Meeting_Recording.docx,Orlando Cuevas,1
Copia_Trint_Entrevista_Historia_del_Internet_en_Colombia_Olga_Mariño_20240126_100335_Meeting_Recording.docx,Javier Caicedo,1
Copia_Trint_Entrevista_Historia_del_Internet_en_Colombia_Olga_Mariño_20240126_100335_Meeting_Recording.docx,Burroughs,2
Copia_Trint_Entrevista_Historia_del_Internet_en_Colombia_Olga_Mariño_20240126_100335_Meeting_Recording.docx,DSIT,1
Copia_Trint_Entrevista_Historia_del_Internet_en_Colombia_Olga_Mariño_20240126_100335_Meeting_Recording.docx,Mauricio Arango,2
Copia_Trint_Entrevista_Historia_del_Internet_en_Colombia_Olga_Mariño_20240126_100335_Meeting_Recording.docx,TCP/IP,4
Copia_Trint_Entrevista_Historia_del_Internet_en_Colombia_Olga_Mariño_20240126_100335_Meeting_Recording.docx,Mauricio,3
Copia_Trint_Entrevista_Historia_del_Internet_en_Colombia_Olga_Mariño_20240126_100335_Meeting_Recording.docx,Álvaro Galvis,2
Copia_Trint_Entrevista_Historia_del_Internet_en_Colombia_Olga_Mariño_20240126_100335_Meeting_Recording.docx,Conecta-TE,1
Copia_Trint_Entrevista_Historia_del_Internet_en_Colombia_Olga_Mariño_20240126_100335_Meeting_Recording.docx,,5
Copia_Trint_Entrevista_Historia_del_Internet_en_Colombia_Olga_Mariño_20240126_100335_Meeting_Recording.docx,Web Semántica,7
Copia_Trint_Entrevista_Historia_del_Internet_en_Colombia_Olga_Mariño_20240126_100335_Meeting_Recording.docx,Machine Learning,2
Copia_Trint_Entrevista_Historia_del_Internet_en_Colombia_Olga_Mariño_20240126_100335_Meeting_Recording.docx,Colciencias,4
Copia_Trint_Entrevista_Historia_del_Internet_en_Colombia_Olga_Mariño_20240126_100335_Meeting_Recording.docx,LudoMatica,1
Copia_Trint_Entrevista_Historia_del_Internet_en_Colombia_Olga_Mariño_20240126_100335_Meeting_Recording.docx,wikis,1
Copia_Trint_Entrevista_Historia_del_Internet_en_Colombia_Olga_Mariño_20240126_100335_Meeting_Recording.docx,YouTube,1
Copia_Trint_Entrevista_Historia_del_Internet_en_Colombia_Olga_Mariño_20240126_100335_Meeting_Recording.docx,Instagram,1
Copia_Trint_Entrevista_Historia_del_Internet_en_Colombia_Olga_Mariño_20240126_100335_Meeting_Recording.docx,Ludomática,5
Copia_Trint_Entrevista_Historia_del_Internet_en_Colombia_Olga_Mariño_20240126_100335_Meeting_Recording.docx,Ludomática? ¿Qué diferencias tiene con el proyecto ,1
Copia_Trint_Entrevista_Historia_del_Internet_en_Colombia_Olga_Mariño_20240126_100335_Meeting_Recording.docx,Hermes,6
Copia_Trint_Entrevista_Historia_del_Internet_en_Colombia_Olga_Mariño_20240126_100335_Meeting_Recording.docx,Proyecto ,1
Copia_Trint_Entrevista_Historia_del_Internet_en_Colombia_Olga_Mariño_20240126_100335_Meeting_Recording.docx,Álvaro,4
Copia_Trint_Entrevista_Historia_del_Internet_en_Colombia_Olga_Mariño_20240126_100335_Meeting_Recording.docx,Rodolfo Llinás,1
Copia_Trint_Entrevista_Historia_del_Internet_en_Colombia_Olga_Mariño_20240126_100335_Meeting_Recording.docx,Carl Langebaek,1
Copia_Trint_Entrevista_Historia_del_Internet_en_Colombia_Olga_Mariño_20240126_100335_Meeting_Recording.docx,Bienestar Familiar,2
Copia_Trint_Entrevista_Historia_del_Internet_en_Colombia_Olga_Mariño_20240126_100335_Meeting_Recording.docx,Yolanda Pulecio,1
Copia_Trint_Entrevista_Historia_del_Internet_en_Colombia_Olga_Mariño_20240126_100335_Meeting_Recording.docx,Global Bangemann Challenge,1
Copia_Trint_Entrevista_Historia_del_Internet_en_Colombia_Olga_Mariño_20240126_100335_Meeting_Recording.docx,Bernardo Gómez,6
Copia_Trint_Entrevista_Historia_del_Internet_en_Colombia_Olga_Mariño_20240126_100335_Meeting_Recording.docx,María Clara Arboleda,1
Copia_Trint_Entrevista_Historia_del_Internet_en_Colombia_Olga_Mariño_20240126_100335_Meeting_Recording.docx,Luz Adriana Osorio,1
Copia_Trint_Entrevista_Historia_del_Internet_en_Colombia_Olga_Mariño_20240126_100335_Meeting_Recording.docx,Luz Adriana,8
Copia_Trint_Entrevista_Historia_del_Internet_en_Colombia_Olga_Mariño_20240126_100335_Meeting_Recording.docx,Pepe Toro,1
Copia_Trint_Entrevista_Historia_del_Internet_en_Colombia_Olga_Mariño_20240126_100335_Meeting_Recording.docx,Pedro Gómez,1
Copia_Trint_Entrevista_Historia_del_Internet_en_Colombia_Olga_Mariño_20240126_100335_Meeting_Recording.docx,CIFE,3
Copia_Trint_Entrevista_Historia_del_Internet_en_Colombia_Olga_Mariño_20240126_100335_Meeting_Recording.docx,Navas,2
Copia_Trint_Entrevista_Historia_del_Internet_en_Colombia_Olga_Mariño_20240126_100335_Meeting_Recording.docx,Conécta-TE,2
Copia_Trint_Entrevista_Historia_del_Internet_en_Colombia_Olga_Mariño_20240126_100335_Meeting_Recording.docx,Mauricio Rodríguez,1
Copia_Trint_Entrevista_Historia_del_Internet_en_Colombia_Olga_Mariño_20240126_100335_Meeting_Recording.docx,Manuel,1
Copia_Trint_Entrevista_Historia_del_Internet_en_Colombia_Olga_Mariño_20240126_100335_Meeting_Recording.docx,Manuel Rodríguez,1
Copia_Trint_Entrevista_Historia_del_Internet_en_Colombia_Olga_Mariño_20240126_100335_Meeting_Recording.docx,Tec,5
Copia_Trint_Entrevista_Historia_del_Internet_en_Colombia_Olga_Mariño_20240126_100335_Meeting_Recording.docx,Minitel,3
Copia_Trint_Entrevista_Historia_del_Internet_en_Colombia_Olga_Mariño_20240126_100335_Meeting_Recording.docx,Romero,1
Copia_Trint_Entrevista_Historia_del_Internet_en_Colombia_Olga_Mariño_20240126_100335_Meeting_Recording.docx,Gugo,1
Copia_Trint_Entrevista_Historia_del_Internet_en_Colombia_Olga_Mariño_20240126_100335_Meeting_Recording.docx,RIE,1
Copia_Trint_Entrevista_Historia_del_Internet_en_Colombia_Olga_Mariño_20240126_100335_Meeting_Recording.docx,Francisco Rueda,1
Copia_Trint_Entrevista_Historia_del_Internet_en_Colombia_Olga_Mariño_20240126_100335_Meeting_Recording.docx,ARPANET,1
Copia_Trint_Entrevista_Historia_del_Internet_en_Colombia_Olga_Mariño_20240126_100335_Meeting_Recording.docx,ITEC,4
Copia_Trint_Entrevista_Historia_del_Internet_en_Colombia_Olga_Mariño_20240126_100335_Meeting_Recording.docx,Telecom,1
Copia_Trint_Entrevista_Historia_del_Internet_en_Colombia_Olga_Mariño_20240126_100335_Meeting_Recording.docx,Ángela Restrepo,1
Copia_Trint_Entrevista_Historia_del_Internet_en_Colombia_Olga_Mariño_20240126_100335_Meeting_Recording.docx,Llinás,1
Copia_Trint_Entrevista_Historia_del_Internet_en_Colombia_Olga_Mariño_20240126_100335_Meeting_Recording.docx,Sonia Cristina Prieto,3
Copia_Trint_Entrevista_Historia_del_Internet_en_Colombia_Olga_Mariño_20240126_100335_Meeting_Recording.docx,Sonia Cristina,4
Copia_Trint_Entrevista_Historia_del_Internet_en_Colombia_Olga_Mariño_20240126_100335_Meeting_Recording.docx,Germán,4
Copia_Trint_Entrevista_Historia_del_Internet_en_Colombia_Olga_Mariño_20240126_100335_Meeting_Recording.docx,ICFES,6
Copia_Trint_Entrevista_Historia_del_Internet_en_Colombia_Olga_Mariño_20240126_100335_Meeting_Recording.docx,Margarita Peña,4
Copia_Trint_Entrevista_Historia_del_Internet_en_Colombia_Olga_Mariño_20240126_100335_Meeting_Recording.docx,Piedad Caballero,1
Copia_Trint_Entrevista_Historia_del_Internet_en_Colombia_Olga_Mariño_20240126_100335_Meeting_Recording.docx,Miriam Luisa Díaz,1
Copia_Trint_Entrevista_Historia_del_Internet_en_Colombia_Olga_Mariño_20240126_100335_Meeting_Recording.docx,José Tiberio Hernández,1
Copia_Trint_Entrevista_Historia_del_Internet_en_Colombia_Olga_Mariño_20240126_100335_Meeting_Recording.docx,Tiberio,1
Copia_Trint_Entrevista_Historia_del_Internet_en_Colombia_Olga_Mariño_20240126_100335_Meeting_Recording.docx,Rubí Casallas,1
Copia_Trint_Entrevista_Historia_del_Internet_en_Colombia_Olga_Mariño_20240126_100335_Meeting_Recording.docx,Jorge Villalobos,1
Copia_Trint_Entrevista_Historia_del_Internet_en_Colombia_Olga_Mariño_20240126_100335_Meeting_Recording.docx,TI,1
Copia_Trint_Entrevista_Historia_del_Internet_en_Colombia_Olga_Mariño_20240126_100335_Meeting_Recording.docx,Rafael Gómez,4
Copia_Trint_Entrevista_Historia_del_Internet_en_Colombia_Olga_Mariño_20240126_100335_Meeting_Recording.docx,Fernando,1
Copia_Trint_Entrevista_Historia_del_Internet_en_Colombia_Olga_Mariño_20240126_100335_Meeting_Recording.docx,Alejandro Rico,4
Copia_Trint_Entrevista_Historia_del_Internet_en_Colombia_Olga_Mariño_20240126_100335_Meeting_Recording.docx,Hugo Sin,3
Copia_Trint_Entrevista_Historia_del_Internet_en_Colombia_Olga_Mariño_20240126_100335_Meeting_Recording.docx,CERN,2
Copia_Trint_Entrevista_Historia_del_Internet_en_Colombia_Olga_Mariño_20240126_100335_Meeting_Recording.docx,Rafael,1
Copia_Trint_Entrevista_Historia_del_Internet_Milton_Quiroga_20230818_120233_Meeting_Recording.docx,Internet,14
Copia_Trint_Entrevista_Historia_del_Internet_Milton_Quiroga_20230818_120233_Meeting_Recording.docx,seguridad de la información,3
Copia_Trint_Entrevista_Historia_del_Internet_Milton_Quiroga_20230818_120233_Meeting_Recording.docx,Pedro Villegas,3
Copia_Trint_Entrevista_Historia_del_Internet_Milton_Quiroga_20230818_120233_Meeting_Recording.docx,Grupo Aval,4
Copia_Trint_Entrevista_Historia_del_Internet_Milton_Quiroga_20230818_120233_Meeting_Recording.docx,interconectividad,2
Copia_Trint_Entrevista_Historia_del_Internet_Milton_Quiroga_20230818_120233_Meeting_Recording.docx,Uniandes,28
Copia_Trint_Entrevista_Historia_del_Internet_Milton_Quiroga_20230818_120233_Meeting_Recording.docx,telemática,1
Copia_Trint_Entrevista_Historia_del_Internet_Milton_Quiroga_20230818_120233_Meeting_Recording.docx,Roberto Soto Prieto,3
Copia_Trint_Entrevista_Historia_del_Internet_Milton_Quiroga_20230818_120233_Meeting_Recording.docx,Banco de la República,1
Copia_Trint_Entrevista_Historia_del_Internet_Milton_Quiroga_20230818_120233_Meeting_Recording.docx,Télex,2
Copia_Trint_Entrevista_Historia_del_Internet_Milton_Quiroga_20230818_120233_Meeting_Recording.docx,Chase Manhattan Bank,2
Copia_Trint_Entrevista_Historia_del_Internet_Milton_Quiroga_20230818_120233_Meeting_Recording.docx,Museo de Arte Moderno de Bogotá,3
Copia_Trint_Entrevista_Historia_del_Internet_Milton_Quiroga_20230818_120233_Meeting_Recording.docx,sistemas electrónicos,1
Copia_Trint_Entrevista_Historia_del_Internet_Milton_Quiroga_20230818_120233_Meeting_Recording.docx,Telecom,17
Copia_Trint_Entrevista_Historia_del_Internet_Milton_Quiroga_20230818_120233_Meeting_Recording.docx,Bancolombia,2
Copia_Trint_Entrevista_Historia_del_Internet_Milton_Quiroga_20230818_120233_Meeting_Recording.docx,computador,2
Copia_Trint_Entrevista_Historia_del_Internet_Milton_Quiroga_20230818_120233_Meeting_Recording.docx,IBM,4
Copia_Trint_Entrevista_Historia_del_Internet_Milton_Quiroga_20230818_120233_Meeting_Recording.docx,terminal,1
Copia_Trint_Entrevista_Historia_del_Internet_Milton_Quiroga_20230818_120233_Meeting_Recording.docx,llamada telefónica de larga distancia,1
Copia_Trint_Entrevista_Historia_del_Internet_Milton_Quiroga_20230818_120233_Meeting_Recording.docx,Banco Occidente,1
Copia_Trint_Entrevista_Historia_del_Internet_Milton_Quiroga_20230818_120233_Meeting_Recording.docx,Banco Popular,3
Copia_Trint_Entrevista_Historia_del_Internet_Milton_Quiroga_20230818_120233_Meeting_Recording.docx,data center,1
Copia_Trint_Entrevista_Historia_del_Internet_Milton_Quiroga_20230818_120233_Meeting_Recording.docx,comunicaciones,5
Copia_Trint_Entrevista_Historia_del_Internet_Milton_Quiroga_20230818_120233_Meeting_Recording.docx,llamadas de largadistancia,1
Copia_Trint_Entrevista_Historia_del_Internet_Milton_Quiroga_20230818_120233_Meeting_Recording.docx,llamadas de larga distancia,1
Copia_Trint_Entrevista_Historia_del_Internet_Milton_Quiroga_20230818_120233_Meeting_Recording.docx,telefonía local,1
Copia_Trint_Entrevista_Historia_del_Internet_Milton_Quiroga_20230818_120233_Meeting_Recording.docx,ETB,1
Copia_Trint_Entrevista_Historia_del_Internet_Milton_Quiroga_20230818_120233_Meeting_Recording.docx,telegramas,4
Copia_Trint_Entrevista_Historia_del_Internet_Milton_Quiroga_20230818_120233_Meeting_Recording.docx,telegrafía,1
Copia_Trint_Entrevista_Historia_del_Internet_Milton_Quiroga_20230818_120233_Meeting_Recording.docx,operadores,2
Copia_Trint_Entrevista_Historia_del_Internet_Milton_Quiroga_20230818_120233_Meeting_Recording.docx,telegrama,1
Copia_Trint_Entrevista_Historia_del_Internet_Milton_Quiroga_20230818_120233_Meeting_Recording.docx,cable,1
Copia_Trint_Entrevista_Historia_del_Internet_Milton_Quiroga_20230818_120233_Meeting_Recording.docx,cable de voz,1
Copia_Trint_Entrevista_Historia_del_Internet_Milton_Quiroga_20230818_120233_Meeting_Recording.docx,transmitir,3
Copia_Trint_Entrevista_Historia_del_Internet_Milton_Quiroga_20230818_120233_Meeting_Recording.docx,datos,12
Copia_Trint_Entrevista_Historia_del_Internet_Milton_Quiroga_20230818_120233_Meeting_Recording.docx,la legislación de red de valor agregado,1
Copia_Trint_Entrevista_Historia_del_Internet_Milton_Quiroga_20230818_120233_Meeting_Recording.docx,callback,6
Copia_Trint_Entrevista_Historia_del_Internet_Milton_Quiroga_20230818_120233_Meeting_Recording.docx,Callback,1
Copia_Trint_Entrevista_Historia_del_Internet_Milton_Quiroga_20230818_120233_Meeting_Recording.docx,Rey Moreno,1
Copia_Trint_Entrevista_Historia_del_Internet_Milton_Quiroga_20230818_120233_Meeting_Recording.docx,Gobierno,1
Copia_Trint_Entrevista_Historia_del_Internet_Milton_Quiroga_20230818_120233_Meeting_Recording.docx,servicios de valor agregado,1
Copia_Trint_Entrevista_Historia_del_Internet_Milton_Quiroga_20230818_120233_Meeting_Recording.docx,red,5
Copia_Trint_Entrevista_Historia_del_Internet_Milton_Quiroga_20230818_120233_Meeting_Recording.docx,Coldapaq,5
Copia_Trint_Entrevista_Historia_del_Internet_Milton_Quiroga_20230818_120233_Meeting_Recording.docx,Isaías Poveda,4
Copia_Trint_Entrevista_Historia_del_Internet_Milton_Quiroga_20230818_120233_Meeting_Recording.docx,red de datos,2
Copia_Trint_Entrevista_Historia_del_Internet_Milton_Quiroga_20230818_120233_Meeting_Recording.docx,operadores de tecnología,1
Copia_Trint_Entrevista_Historia_del_Internet_Milton_Quiroga_20230818_120233_Meeting_Recording.docx,tecnología nueva,1
Copia_Trint_Entrevista_Historia_del_Internet_Milton_Quiroga_20230818_120233_Meeting_Recording.docx,línea telefónica,1
Copia_Trint_Entrevista_Historia_del_Internet_Milton_Quiroga_20230818_120233_Meeting_Recording.docx,tarifas de voz,1
Copia_Trint_Entrevista_Historia_del_Internet_Milton_Quiroga_20230818_120233_Meeting_Recording.docx,llamada telefónica ,1
Copia_Trint_Entrevista_Historia_del_Internet_Milton_Quiroga_20230818_120233_Meeting_Recording.docx,ingeniería,1
Copia_Trint_Entrevista_Historia_del_Internet_Milton_Quiroga_20230818_120233_Meeting_Recording.docx,tecnología para datos,1
Copia_Trint_Entrevista_Historia_del_Internet_Milton_Quiroga_20230818_120233_Meeting_Recording.docx,telefonía,1
Copia_Trint_Entrevista_Historia_del_Internet_Milton_Quiroga_20230818_120233_Meeting_Recording.docx,tráfico de datos,1
Copia_Trint_Entrevista_Historia_del_Internet_Milton_Quiroga_20230818_120233_Meeting_Recording.docx,tráfico de voz,1
Copia_Trint_Entrevista_Historia_del_Internet_Milton_Quiroga_20230818_120233_Meeting_Recording.docx,Centro de Cómputo,5
Copia_Trint_Entrevista_Historia_del_Internet_Milton_Quiroga_20230818_120233_Meeting_Recording.docx,DECnet,1
Copia_Trint_Entrevista_Historia_del_Internet_Milton_Quiroga_20230818_120233_Meeting_Recording.docx,Digital Equipment Corporation,2
Copia_Trint_Entrevista_Historia_del_Internet_Milton_Quiroga_20230818_120233_Meeting_Recording.docx,Burroughs,3
Copia_Trint_Entrevista_Historia_del_Internet_Milton_Quiroga_20230818_120233_Meeting_Recording.docx,Unisys,2
Copia_Trint_Entrevista_Historia_del_Internet_Milton_Quiroga_20230818_120233_Meeting_Recording.docx,Hugo Sin,4
Copia_Trint_Entrevista_Historia_del_Internet_Milton_Quiroga_20230818_120233_Meeting_Recording.docx,Gonzalo Romero,1
Copia_Trint_Entrevista_Historia_del_Internet_Milton_Quiroga_20230818_120233_Meeting_Recording.docx,Fernando Salcedo,1
Copia_Trint_Entrevista_Historia_del_Internet_Milton_Quiroga_20230818_120233_Meeting_Recording.docx,redes académicas,1
Copia_Trint_Entrevista_Historia_del_Internet_Milton_Quiroga_20230818_120233_Meeting_Recording.docx,BitNet,3
Copia_Trint_Entrevista_Historia_del_Internet_Milton_Quiroga_20230818_120233_Meeting_Recording.docx,Universidad de Columbia,3
Copia_Trint_Entrevista_Historia_del_Internet_Milton_Quiroga_20230818_120233_Meeting_Recording.docx,El Galpón,5
Copia_Trint_Entrevista_Historia_del_Internet_Milton_Quiroga_20230818_120233_Meeting_Recording.docx,bits,3
Copia_Trint_Entrevista_Historia_del_Internet_Milton_Quiroga_20230818_120233_Meeting_Recording.docx,correo electrónico,4
Copia_Trint_Entrevista_Historia_del_Internet_Milton_Quiroga_20230818_120233_Meeting_Recording.docx,attachment,1
Copia_Trint_Entrevista_Historia_del_Internet_Milton_Quiroga_20230818_120233_Meeting_Recording.docx,enlaces,1
Copia_Trint_Entrevista_Historia_del_Internet_Milton_Quiroga_20230818_120233_Meeting_Recording.docx,Universidad Nacional,2
Copia_Trint_Entrevista_Historia_del_Internet_Milton_Quiroga_20230818_120233_Meeting_Recording.docx,dominio,3
Copia_Trint_Entrevista_Historia_del_Internet_Milton_Quiroga_20230818_120233_Meeting_Recording.docx,.co,8
Copia_Trint_Entrevista_Historia_del_Internet_Milton_Quiroga_20230818_120233_Meeting_Recording.docx,Ministerio de Comunicaciones,1
Copia_Trint_Entrevista_Historia_del_Internet_Milton_Quiroga_20230818_120233_Meeting_Recording.docx,voz,3
Copia_Trint_Entrevista_Historia_del_Internet_Milton_Quiroga_20230818_120233_Meeting_Recording.docx,teleconferencia,1
Copia_Trint_Entrevista_Historia_del_Internet_Milton_Quiroga_20230818_120233_Meeting_Recording.docx,llamada telefónica,1
Copia_Trint_Entrevista_Historia_del_Internet_Milton_Quiroga_20230818_120233_Meeting_Recording.docx,National Science Foundation,2
Copia_Trint_Entrevista_Historia_del_Internet_Milton_Quiroga_20230818_120233_Meeting_Recording.docx,National Foundation,1
Copia_Trint_Entrevista_Historia_del_Internet_Milton_Quiroga_20230818_120233_Meeting_Recording.docx,CompuServe,9
Copia_Trint_Entrevista_Historia_del_Internet_Milton_Quiroga_20230818_120233_Meeting_Recording.docx,conexión,1
Copia_Trint_Entrevista_Historia_del_Internet_Milton_Quiroga_20230818_120233_Meeting_Recording.docx,cuenta,1
Copia_Trint_Entrevista_Historia_del_Internet_Milton_Quiroga_20230818_120233_Meeting_Recording.docx,Comercio electrónico,1
Copia_Trint_Entrevista_Historia_del_Internet_Milton_Quiroga_20230818_120233_Meeting_Recording.docx,navegar,1
Copia_Trint_Entrevista_Historia_del_Internet_Milton_Quiroga_20230818_120233_Meeting_Recording.docx,Gobierno federal,1
Copia_Trint_Entrevista_Historia_del_Internet_Milton_Quiroga_20230818_120233_Meeting_Recording.docx,uso comercial,1
Copia_Trint_Entrevista_Historia_del_Internet_Milton_Quiroga_20230818_120233_Meeting_Recording.docx,ColonSAT,1
Copia_Trint_Entrevista_Historia_del_Internet_Milton_Quiroga_20230818_120233_Meeting_Recording.docx,Open Way,1
Copia_Trint_Entrevista_Historia_del_Internet_Milton_Quiroga_20230818_120233_Meeting_Recording.docx,ministerio,1
Copia_Trint_Entrevista_Historia_del_Internet_Milton_Quiroga_20230818_120233_Meeting_Recording.docx,Colciencias,3
Copia_Trint_Entrevista_Historia_del_Internet_Milton_Quiroga_20230818_120233_Meeting_Recording.docx,RUNCOL,1
Copia_Trint_Entrevista_Historia_del_Internet_Milton_Quiroga_20230818_120233_Meeting_Recording.docx,redes,2
Copia_Trint_Entrevista_Historia_del_Internet_Milton_Quiroga_20230818_120233_Meeting_Recording.docx,DECNet,1
Copia_Trint_Entrevista_Historia_del_Internet_Milton_Quiroga_20230818_120233_Meeting_Recording.docx,protocolos,3
Copia_Trint_Entrevista_Historia_del_Internet_Milton_Quiroga_20230818_120233_Meeting_Recording.docx,protocolos abiertos,1
Copia_Trint_Entrevista_Historia_del_Internet_Milton_Quiroga_20230818_120233_Meeting_Recording.docx,tecnología abierta,2
Copia_Trint_Entrevista_Historia_del_Internet_Milton_Quiroga_20230818_120233_Meeting_Recording.docx,sistemas abiertos,1
Copia_Trint_Entrevista_Historia_del_Internet_Milton_Quiroga_20230818_120233_Meeting_Recording.docx,Ingeniería de Sistemas,1
Copia_Trint_Entrevista_Historia_del_Internet_Milton_Quiroga_20230818_120233_Meeting_Recording.docx,Universidad Industrial de Santander,1
Copia_Trint_Entrevista_Historia_del_Internet_Milton_Quiroga_20230818_120233_Meeting_Recording.docx,Hernán Porras Díaz,1
Copia_Trint_Entrevista_Historia_del_Internet_Milton_Quiroga_20230818_120233_Meeting_Recording.docx,redes de computadores,3
Copia_Trint_Entrevista_Historia_del_Internet_Milton_Quiroga_20230818_120233_Meeting_Recording.docx,Carlos Ardila Arenas,1
Copia_Trint_Entrevista_Historia_del_Internet_Milton_Quiroga_20230818_120233_Meeting_Recording.docx,DTI,1
Copia_Trint_Entrevista_Historia_del_Internet_Milton_Quiroga_20230818_120233_Meeting_Recording.docx,estándares de comunicaciones,1
Copia_Trint_Entrevista_Historia_del_Internet_Milton_Quiroga_20230818_120233_Meeting_Recording.docx,estándares europeos,2
Copia_Trint_Entrevista_Historia_del_Internet_Milton_Quiroga_20230818_120233_Meeting_Recording.docx,estándares de Estados Unidos,2
Copia_Trint_Entrevista_Historia_del_Internet_Milton_Quiroga_20230818_120233_Meeting_Recording.docx,estándares TCP/IP,1
Copia_Trint_Entrevista_Historia_del_Internet_Milton_Quiroga_20230818_120233_Meeting_Recording.docx,estándares CCITT,1
Copia_Trint_Entrevista_Historia_del_Internet_Milton_Quiroga_20230818_120233_Meeting_Recording.docx,TCP/IP,3
Copia_Trint_Entrevista_Historia_del_Internet_Milton_Quiroga_20230818_120233_Meeting_Recording.docx,CCITT,1
Copia_Trint_Entrevista_Historia_del_Internet_Milton_Quiroga_20230818_120233_Meeting_Recording.docx,stack,1
Copia_Trint_Entrevista_Historia_del_Internet_Milton_Quiroga_20230818_120233_Meeting_Recording.docx,computadores,1
Copia_Trint_Entrevista_Historia_del_Internet_Milton_Quiroga_20230818_120233_Meeting_Recording.docx,interconectarlas,1
Copia_Trint_Entrevista_Historia_del_Internet_Milton_Quiroga_20230818_120233_Meeting_Recording.docx,Luis Carlos Sarmiento Angulo,2
Copia_Trint_Entrevista_Historia_del_Internet_Milton_Quiroga_20230818_120233_Meeting_Recording.docx,Banco Bogotá,1
Copia_Trint_Entrevista_Historia_del_Internet_Milton_Quiroga_20230818_120233_Meeting_Recording.docx,AV Villas,1
Copia_Trint_Entrevista_Historia_del_Internet_Milton_Quiroga_20230818_120233_Meeting_Recording.docx,Banco de Occidente,1
Copia_Trint_Entrevista_Historia_del_Internet_Milton_Quiroga_20230818_120233_Meeting_Recording.docx,Coltefinanciera,1
Copia_Trint_Entrevista_Historia_del_Internet_Milton_Quiroga_20230818_120233_Meeting_Recording.docx,tecnologías disímiles,1
Copia_Trint_Entrevista_Historia_del_Internet_Milton_Quiroga_20230818_120233_Meeting_Recording.docx,ATH,1
Copia_Trint_Entrevista_Historia_del_Internet_Milton_Quiroga_20230818_120233_Meeting_Recording.docx,interconexión,1
Copia_Trint_Entrevista_Historia_del_Internet_Milton_Quiroga_20230818_120233_Meeting_Recording.docx,hardware,1
Copia_Trint_Entrevista_Historia_del_Internet_Milton_Quiroga_20230818_120233_Meeting_Recording.docx,software,1
Copia_Trint_Entrevista_Historia_del_Internet_Milton_Quiroga_20230818_120233_Meeting_Recording.docx,EPM,1
Copia_Trint_Entrevista_Historia_del_Internet_Milton_Quiroga_20230818_120233_Meeting_Recording.docx,Granahorrar,2
Copia_Trint_Entrevista_Historia_del_Internet_Milton_Quiroga_20230818_120233_Meeting_Recording.docx,AV VIllas,2
Copia_Trint_Entrevista_Historia_del_Internet_Milton_Quiroga_20230818_120233_Meeting_Recording.docx,tecnologías Internet,1
Copia_Trint_Entrevista_Historia_del_Internet_Milton_Quiroga_20230818_120233_Meeting_Recording.docx,Conavi,1
Copia_Trint_Entrevista_Historia_del_Internet_Milton_Quiroga_20230818_120233_Meeting_Recording.docx,Davivienda,1
Copia_Trint_Entrevista_Historia_del_Internet_Milton_Quiroga_20230818_120233_Meeting_Recording.docx,criptografía,1
Copia_Trint_Entrevista_Historia_del_Internet_Milton_Quiroga_20230818_120233_Meeting_Recording.docx,matemática de la seguridad de la información,1
Copia_Trint_Entrevista_Personajes_Icónicos_Historia_del_Internet_en_Colombia_Uniandes_20230306_150225_Meeting_Recording.docx,Universidad  Militar,1
Copia_Trint_Entrevista_Personajes_Icónicos_Historia_del_Internet_en_Colombia_Uniandes_20230306_150225_Meeting_Recording.docx,Colciencias,1
Copia_Trint_Entrevista_Personajes_Icónicos_Historia_del_Internet_en_Colombia_Uniandes_20230306_150225_Meeting_Recording.docx,Facultad de Sistemas,1
Copia_Trint_Entrevista_Personajes_Icónicos_Historia_del_Internet_en_Colombia_Uniandes_20230306_150225_Meeting_Recording.docx,Centro de Cómputo,7
Copia_Trint_Entrevista_Personajes_Icónicos_Historia_del_Internet_en_Colombia_Uniandes_20230306_150225_Meeting_Recording.docx,BitNet,1
Copia_Trint_Entrevista_Personajes_Icónicos_Historia_del_Internet_en_Colombia_Uniandes_20230306_150225_Meeting_Recording.docx,Fernando Salcedo,1
Copia_Trint_Entrevista_Personajes_Icónicos_Historia_del_Internet_en_Colombia_Uniandes_20230306_150225_Meeting_Recording.docx,director del Centro de Cómputo,1
Copia_Trint_Entrevista_Personajes_Icónicos_Historia_del_Internet_en_Colombia_Uniandes_20230306_150225_Meeting_Recording.docx,Arturo Infante,1
Copia_Trint_Entrevista_Personajes_Icónicos_Historia_del_Internet_en_Colombia_Uniandes_20230306_150225_Meeting_Recording.docx,rector de ,1
Copia_Trint_Entrevista_Personajes_Icónicos_Historia_del_Internet_en_Colombia_Uniandes_20230306_150225_Meeting_Recording.docx,Fernando (Salcedo),4
Copia_Trint_Entrevista_Personajes_Icónicos_Historia_del_Internet_en_Colombia_Uniandes_20230306_150225_Meeting_Recording.docx,Hugo Sin,4
Copia_Trint_Entrevista_Personajes_Icónicos_Historia_del_Internet_en_Colombia_Uniandes_20230306_150225_Meeting_Recording.docx,Mauricio Pinilla,3
Copia_Trint_Entrevista_Personajes_Icónicos_Historia_del_Internet_en_Colombia_Uniandes_20230306_150225_Meeting_Recording.docx,Gonzalo Romero,3
Copia_Trint_Entrevista_Personajes_Icónicos_Historia_del_Internet_en_Colombia_Uniandes_20230306_150225_Meeting_Recording.docx,Claudia Sastre,3
Copia_Trint_Entrevista_Personajes_Icónicos_Historia_del_Internet_en_Colombia_Uniandes_20230306_150225_Meeting_Recording.docx,Mauricio (Pinilla),2
Copia_Trint_Entrevista_Personajes_Icónicos_Historia_del_Internet_en_Colombia_Uniandes_20230306_150225_Meeting_Recording.docx,Hugo (Sin),2
Copia_Trint_Entrevista_Personajes_Icónicos_Historia_del_Internet_en_Colombia_Uniandes_20230306_150225_Meeting_Recording.docx,Intranet,1
Copia_Trint_Entrevista_Personajes_Icónicos_Historia_del_Internet_en_Colombia_Uniandes_20230306_150225_Meeting_Recording.docx,Universidad Nacional (de Colombia),1
Copia_Trint_Entrevista_Personajes_Icónicos_Historia_del_Internet_en_Colombia_Uniandes_20230306_150225_Meeting_Recording.docx,Universidad del Valle,1
Copia_Trint_Entrevista_Personajes_Icónicos_Historia_del_Internet_en_Colombia_Uniandes_20230306_150225_Meeting_Recording.docx,,2
Copia_Trint_Entrevista_Personajes_Icónicos_Historia_del_Internet_en_Colombia_Uniandes_20230306_150225_Meeting_Recording.docx," en ese tiempo y que ya hoy en día se le vendió a, no sé a quién se le vendió. Al final lo terminamos administrando nosotros, pero en principio era cada año se iban a turnar entre cada uno de ellos y al final terminamos nosotros. Esa conexión pues fue lograda por ",1
Copia_Trint_Entrevista_Personajes_Icónicos_Historia_del_Internet_en_Colombia_Uniandes_20230306_150225_Meeting_Recording.docx," por allá con los contactos y con otras personas, tanto de esas otras universidades como con Creo, creo que también con ",1
Copia_Trint_Entrevista_Personajes_Icónicos_Historia_del_Internet_en_Colombia_Uniandes_20230306_150225_Meeting_Recording.docx,IMPSAT,3
Copia_Trint_Entrevista_Personajes_Icónicos_Historia_del_Internet_en_Colombia_Uniandes_20230306_150225_Meeting_Recording.docx,Telecom,1
Copia_Trint_Entrevista_Uniandes_Mauricio_Pinilla_Historia_del_Internet_Colombia_20230928_080049_Meeting_Recording.docx,María José,2
Copia_Trint_Entrevista_Uniandes_Mauricio_Pinilla_Historia_del_Internet_Colombia_20230928_080049_Meeting_Recording.docx,Uniandes,30
Copia_Trint_Entrevista_Uniandes_Mauricio_Pinilla_Historia_del_Internet_Colombia_20230928_080049_Meeting_Recording.docx,Univalle,6
Copia_Trint_Entrevista_Uniandes_Mauricio_Pinilla_Historia_del_Internet_Colombia_20230928_080049_Meeting_Recording.docx,Mauricio,5
Copia_Trint_Entrevista_Uniandes_Mauricio_Pinilla_Historia_del_Internet_Colombia_20230928_080049_Meeting_Recording.docx,Centro de Cómputo,12
Copia_Trint_Entrevista_Uniandes_Mauricio_Pinilla_Historia_del_Internet_Colombia_20230928_080049_Meeting_Recording.docx,Hugo,19
Copia_Trint_Entrevista_Uniandes_Mauricio_Pinilla_Historia_del_Internet_Colombia_20230928_080049_Meeting_Recording.docx,", definitivamente era un ambiente muy bueno tanto para aprender como en lo personal  A mediados del 90 empecé a trabajar en el ",1
Copia_Trint_Entrevista_Uniandes_Mauricio_Pinilla_Historia_del_Internet_Colombia_20230928_080049_Meeting_Recording.docx,,7
Copia_Trint_Entrevista_Uniandes_Mauricio_Pinilla_Historia_del_Internet_Colombia_20230928_080049_Meeting_Recording.docx,  tuve la oportunidad de hacer una especialización en telemática.,1
Copia_Trint_Entrevista_Uniandes_Mauricio_Pinilla_Historia_del_Internet_Colombia_20230928_080049_Meeting_Recording.docx,Gonzalo,9
Copia_Trint_Entrevista_Uniandes_Mauricio_Pinilla_Historia_del_Internet_Colombia_20230928_080049_Meeting_Recording.docx,", ",2
Copia_Trint_Entrevista_Uniandes_Mauricio_Pinilla_Historia_del_Internet_Colombia_20230928_080049_Meeting_Recording.docx,Unisys,8
Copia_Trint_Entrevista_Uniandes_Mauricio_Pinilla_Historia_del_Internet_Colombia_20230928_080049_Meeting_Recording.docx,Departamento de Sistemas,1
Copia_Trint_Entrevista_Uniandes_Mauricio_Pinilla_Historia_del_Internet_Colombia_20230928_080049_Meeting_Recording.docx,Fernando Salcedo,2
Copia_Trint_Entrevista_Uniandes_Mauricio_Pinilla_Historia_del_Internet_Colombia_20230928_080049_Meeting_Recording.docx,", entre los dos que yo trabajaba para ",1
Copia_Trint_Entrevista_Uniandes_Mauricio_Pinilla_Historia_del_Internet_Colombia_20230928_080049_Meeting_Recording.docx," era mi jefe inmediato, pero ",1
Copia_Trint_Entrevista_Uniandes_Mauricio_Pinilla_Historia_del_Internet_Colombia_20230928_080049_Meeting_Recording.docx,", era el director  de  todo el ",1
Copia_Trint_Entrevista_Uniandes_Mauricio_Pinilla_Historia_del_Internet_Colombia_20230928_080049_Meeting_Recording.docx,". Entonces todo el proyecto obviamente yo se lo presenté a ellos, ellos lo aprobaron y ellos fueron los que recibieron la plata directamente de la administración, digamos que de esa parte, de toda esa gestión, yo no la manejaba porque esto es lo que queremos hacer. La parte técnica realmente, tanto en la red como en el Internet, mi labor fue más técnica. Obviamente estuve en reuniones, pero yo en la parte de gestión y la parte de conseguir los fondos o de negociar toda esa parte nunca estuve involucrado; trabajando mucho con ",1
Copia_Trint_Entrevista_Uniandes_Mauricio_Pinilla_Historia_del_Internet_Colombia_20230928_080049_Meeting_Recording.docx,",él ya tenía su red, él manejaba la red de Mackintosh. En esa época la universidad tenía mucho Mac por todo el campus, pero él tenía su propia red que se usaba a través de líneas telefónicas. Como el campus ya tenía la red telefónica, él aprovechó esa red telefónica para conectar todos los Mac entre ellos,  entonces, realmente la primera red que hubo en el campus de esta universidad fue Mackintosh, pero a través de red telefónica, que era un poquito más lenta. Cuando yo empecé a trabajar en la parte de fibra óptica ya conectamos todo, todos los edificios por fibra óptica, integramos la red de Macde Gonzalo",1
Copia_Trint_Entrevista_Uniandes_Mauricio_Pinilla_Historia_del_Internet_Colombia_20230928_080049_Meeting_Recording.docx,Ethernet,8
Copia_Trint_Entrevista_Uniandes_Mauricio_Pinilla_Historia_del_Internet_Colombia_20230928_080049_Meeting_Recording.docx,IBM,1
Copia_Trint_Entrevista_Uniandes_Mauricio_Pinilla_Historia_del_Internet_Colombia_20230928_080049_Meeting_Recording.docx,Token Ring,7
Copia_Trint_Entrevista_Uniandes_Mauricio_Pinilla_Historia_del_Internet_Colombia_20230928_080049_Meeting_Recording.docx,Pascal,1
Copia_Trint_Entrevista_Uniandes_Mauricio_Pinilla_Historia_del_Internet_Colombia_20230928_080049_Meeting_Recording.docx,C,1
Copia_Trint_Entrevista_Uniandes_Mauricio_Pinilla_Historia_del_Internet_Colombia_20230928_080049_Meeting_Recording.docx,Assembler,1
Copia_Trint_Entrevista_Uniandes_Mauricio_Pinilla_Historia_del_Internet_Colombia_20230928_080049_Meeting_Recording.docx,Mainframe,8
Copia_Trint_Entrevista_Uniandes_Mauricio_Pinilla_Historia_del_Internet_Colombia_20230928_080049_Meeting_Recording.docx,BITNET,8
Copia_Trint_Entrevista_Uniandes_Mauricio_Pinilla_Historia_del_Internet_Colombia_20230928_080049_Meeting_Recording.docx,UNIX,5
Copia_Trint_Entrevista_Uniandes_Mauricio_Pinilla_Historia_del_Internet_Colombia_20230928_080049_Meeting_Recording.docx,Hugo Sin,1
Copia_Trint_Entrevista_Uniandes_Mauricio_Pinilla_Historia_del_Internet_Colombia_20230928_080049_Meeting_Recording.docx,Cinet,3
Copia_Trint_Entrevista_Uniandes_Mauricio_Pinilla_Historia_del_Internet_Colombia_20230928_080049_Meeting_Recording.docx,HTML,2
Copia_Trint_Entrevista_Uniandes_Mauricio_Pinilla_Historia_del_Internet_Colombia_20230928_080049_Meeting_Recording.docx,Wi-Fi,5
Copia_Trint_Entrevista_Uniandes_Mauricio_Pinilla_Historia_del_Internet_Colombia_20230928_080049_Meeting_Recording.docx,Mauricio Briceño,1
Copia_Trint_Entrevista_Uniandes_Mauricio_Pinilla_Historia_del_Internet_Colombia_20230928_080049_Meeting_Recording.docx,Fernando,5
Copia_Trint_Entrevista_Uniandes_Mauricio_Pinilla_Historia_del_Internet_Colombia_20230928_080049_Meeting_Recording.docx,Mainframes,2
Copia_Trint_Entrevista_Uniandes_Mauricio_Pinilla_Historia_del_Internet_Colombia_20230928_080049_Meeting_Recording.docx,Cisco,4
Copia_Trint_Entrevista_Uniandes_Mauricio_Pinilla_Historia_del_Internet_Colombia_20230928_080049_Meeting_Recording.docx," para conectarse, copiar el satélite. La universidad aquí con offset en la Florida. Entonces, básicamente, ",1
Copia_Trint_Entrevista_Uniandes_Mauricio_Pinilla_Historia_del_Internet_Colombia_20230928_080049_Meeting_Recording.docx," consiguió, Dijo ¿Quién vende ",1
Copia_Trint_Entrevista_Uniandes_Mauricio_Pinilla_Historia_del_Internet_Colombia_20230928_080049_Meeting_Recording.docx, aquí en Colombia? Nadie. Consiguió una empresa de Cali y finalmente logró que mandaran un enrutador ,1
Copia_Trint_Entrevista_Uniandes_Mauricio_Pinilla_Historia_del_Internet_Colombia_20230928_080049_Meeting_Recording.docx,. Él compró el enrutador ,1
Copia_Trint_Entrevista_Uniandes_Mauricio_Pinilla_Historia_del_Internet_Colombia_20230928_080049_Meeting_Recording.docx, y lo mandó. Entonces ,1
Copia_Trint_Entrevista_Uniandes_Mauricio_Pinilla_Historia_del_Internet_Colombia_20230928_080049_Meeting_Recording.docx,", esto tiene que estar configurado. Digamos que él hizo toda la cuestión de conseguir ese famoso enrutador ",1
Copia_Trint_Entrevista_Uniandes_Mauricio_Pinilla_Historia_del_Internet_Colombia_20230928_080049_Meeting_Recording.docx,. Yo no tenía ni idea qué era  ,1
Copia_Trint_Entrevista_Uniandes_Mauricio_Pinilla_Historia_del_Internet_Colombia_20230928_080049_Meeting_Recording.docx," para esa época y todos  esos protocolos de enrutamiento, entonces, ellos me mandaron una documentación: Esto es lo que tienen que conectarse,tienen que tener esto, esto y esto. Vamos a conectar entre ",1
Copia_Trint_Entrevista_Uniandes_Mauricio_Pinilla_Historia_del_Internet_Colombia_20230928_080049_Meeting_Recording.docx, y ,4
Copia_Trint_Entrevista_Uniandes_Mauricio_Pinilla_Historia_del_Internet_Colombia_20230928_080049_Meeting_Recording.docx, hicieron la gestión con ,1
Copia_Trint_Entrevista_Uniandes_Mauricio_Pinilla_Historia_del_Internet_Colombia_20230928_080049_Meeting_Recording.docx, para el enlace satelital y ,1
Copia_Trint_Entrevista_Uniandes_Mauricio_Pinilla_Historia_del_Internet_Colombia_20230928_080049_Meeting_Recording.docx," llegó con su.. Okey, conécteme esto   en  su enrutador y usted maneje el enrutador y ya ahí tiene conexión. Fue muy interesante esa  parte, aprender ",1
Copia_Trint_Entrevista_Uniandes_Mauricio_Pinilla_Historia_del_Internet_Colombia_20230928_080049_Meeting_Recording.docx,", todavía uso ",1
Copia_Trint_Entrevista_Uniandes_Mauricio_Pinilla_Historia_del_Internet_Colombia_20230928_080049_Meeting_Recording.docx," definitivamente,  A mi  me tocó aprender todos los protocolos de enrutamiento para conectarnos a Internet,  una  vez conectados a Internet, ya vienen las otras universidades también. Ah bueno, viene el Galpón cómo le doy acceso a los estudiantes a través de líneas telefónicas,  pero ahora viene ",1
Copia_Trint_Entrevista_Uniandes_Mauricio_Pinilla_Historia_del_Internet_Colombia_20230928_080049_Meeting_Recording.docx,", que fueron las dos primeras, y la ",1
Copia_Trint_Entrevista_Uniandes_Mauricio_Pinilla_Historia_del_Internet_Colombia_20230928_080049_Meeting_Recording.docx," en Bogotá. Ahora,  ¿cómo nos conectamos? ¿Cómo les damos a ellos conexión? Entonces ahí también a través de Telecom, la red ",1
Copia_Trint_Entrevista_Uniandes_Mauricio_Pinilla_Historia_del_Internet_Colombia_20230928_080049_Meeting_Recording.docx,"pack una red de X 25, básicamente ",1
Copia_Trint_Entrevista_Uniandes_Mauricio_Pinilla_Historia_del_Internet_Colombia_20230928_080049_Meeting_Recording.docx,",",1
Copia_Trint_Entrevista_Uniandes_Mauricio_Pinilla_Historia_del_Internet_Colombia_20230928_080049_Meeting_Recording.docx,"nosotros, y la Nacional nos conectamos a esta red COLTRAPACK y ya logramos conectar las redes de ellos con ",1
Copia_Trint_Entrevista_Uniandes_Mauricio_Pinilla_Historia_del_Internet_Colombia_20230928_080049_Meeting_Recording.docx,", básicamente con la parte física, la parte técnica era que ellos se conectaban a ",1
Copia_Trint_Entrevista_Uniandes_Mauricio_Pinilla_Historia_del_Internet_Colombia_20230928_080049_Meeting_Recording.docx,", se conectaba a internet. Por cierto, me imagino que ",1
Copia_Trint_Entrevista_Uniandes_Mauricio_Pinilla_Historia_del_Internet_Colombia_20230928_080049_Meeting_Recording.docx,", o ya les comentaron la; La primera conexión a internet fue a 9600 bits por segundo, el cual ese enlace estaba completamente saturado desde que empezó,  logramos subir, no sé en qué año, yo estoy seguro que ",1
Copia_Trint_Entrevista_Uniandes_Mauricio_Pinilla_Historia_del_Internet_Colombia_20230928_080049_Meeting_Recording.docx," tienen las fechas, pero logramos subir a 64 kilobits por segundo. Ya es una conexión mucho más rápida. Pero básicamente estas universidades se conectaban a ",1
Copia_Trint_Entrevista_Uniandes_Mauricio_Pinilla_Historia_del_Internet_Colombia_20230928_080049_Meeting_Recording.docx, a través de la red COLTPACK Después empezamos a hacer enlaces de vía microondas  Creo que con ,1
Copia_Trint_Entrevista_Uniandes_Mauricio_Pinilla_Historia_del_Internet_Colombia_20230928_080049_Meeting_Recording.docx,Telecom,2
Copia_Trint_Entrevista_Uniandes_Mauricio_Pinilla_Historia_del_Internet_Colombia_20230928_080049_Meeting_Recording.docx,Comsat,4
Copia_Trint_Entrevista_Uniandes_Mauricio_Pinilla_Historia_del_Internet_Colombia_20230928_080049_Meeting_Recording.docx,Linux,1
Copia_Trint_Entrevista_Uniandes_Mauricio_Pinilla_Historia_del_Internet_Colombia_20230928_080049_Meeting_Recording.docx,CEO,1
Copia_Trint_Entrevista_Uniandes_Mauricio_Pinilla_Historia_del_Internet_Colombia_20230928_080049_Meeting_Recording.docx,Coldapaq,1
Copia_Trint_Entrevista_Uniandes_Mauricio_Pinilla_Historia_del_Internet_Colombia_20230928_080049_Meeting_Recording.docx,Gopher,1
Copia_Trint_Entrevista_Uniandes_Mauricio_Pinilla_Historia_del_Internet_Colombia_20230928_080049_Meeting_Recording.docx,Coltapack,1
Copia_Trint_Entrevista_Uniandes_Mauricio_Pinilla_Historia_del_Internet_Colombia_20230928_080049_Meeting_Recording.docx,EAFIT,1
Copia_Trint_Entrevista_Uniandes_Mauricio_Pinilla_Historia_del_Internet_Colombia_20230928_080049_Meeting_Recording.docx,switches,1
